{
    "accuracy": 0.8161816891412349,
    "precision": 0.678125,
    "recall": 0.5817694369973191,
    "f1_score": 0.6262626262626263
}